Node ID,URLv4:,eth,id,ASN_number,organization,country,city,ip,secp256k1,tcp,udp,les,udp6,cap,Name,Caps
 045d0e1a2fc9eaddee0ed46e80caeab073cc1584a1d2ae9a57c9dec4c6b27dc4,enode://facb05bf44e7f3dde3ea9f569e95d97fd9dee844135f8d8cf18a6a8cc964ae508477cc18f57c03e57d2656fae32ffe75f8d22961514a1df1be608fbc13a187c1@95.216.41.95:30303,c7c684c25efa5c80,v4,24940,Hetzner Online GmbH,Finland,Helsinki,95.216.41.95,a103facb05bf44e7f3dde3ea9f569e95d97fd9dee844135f8d8cf18a6a8cc964ae50,30303,30303,,,,,
 102474f71e14b855ebd7388a0f00e9e2454361f014b97fc95c8bdfe55009b94a,enode://8bd4bc8015d4f6cb3ea846c196930255b619690f1501778145618eb50ce6b6105293d4a97b423a672298191917ce177dffc19855d557085395e5adec0c7be88e@51.68.155.180:30303,c7c684e029e99180,v4,16276,OVH SAS,France,,51.68.155.180,a1028bd4bc8015d4f6cb3ea846c196930255b619690f1501778145618eb50ce6b610,30303,30303,,,,,
 110adc4050cfabd4cf7b04f2f622feeeb8bf8b03db6006dc3fb965f331e7a20c,enode://e66a23aa7538d7079daf14b1b61fe37cd939e9273f17aba01d03fb9d7df5b9a123b2ce1ec74b4a0716875c09fa3f322a8c39f55f9892ee914bff89757d2f19dd@45.129.56.200:62422,c7c684e029e99180,v4,39351,31173 Services AB,Denmark,Copenhagen,45.129.56.200,a103e66a23aa7538d7079daf14b1b61fe37cd939e9273f17aba01d03fb9d7df5b9a1,62422,62422,,,,,
 1125cc477f3344a14f600660086ba85c92be194067cdc1cda2fb1e9f8b8e6eb4,enode://b919210809425954a459be6fa64c17171b701f0958f4fc0d257adfa6d5bbe989c7c7167daf136bf7c4d2fc46745d27a53b58e5a81d9dbe8fdaf628fe4ba3edda@13.125.57.231:30305,c7c68424f3574080,v4,16509,AMAZON-02,South Korea,Incheon,13.125.57.231,a102b919210809425954a459be6fa64c17171b701f0958f4fc0d257adfa6d5bbe989,30305,30305,,,,,
 113885ed589bab64b44fbccf82efaee5391bb6a09ca2ea956261d72de68a0a48,enode://ac374715af35b6b241924c1c8b3cfd941f587b853dd891eb708e8148d9f76b2fb3bd147c7a3467263f7387cb93512074cd7e8df236a1d6f111ad3407b67a8c8c@85.214.223.64:23000,c7c68409530c8d80,v4,6724,Strato AG,Germany,,85.214.223.64,a102ac374715af35b6b241924c1c8b3cfd941f587b853dd891eb708e8148d9f76b2f,23000,23000,,,,,
 1158674818b44527a438fd50a01dca76148579d985141b62b90738ece9707d1d,enode://e6b9eb189a9fe6f27ef5094ec7e658f25ac6c1a14a085facfd5c9adec973f9d07eb095d7334a5b6348ee30c1d98786e83cb6bf831065ce0ee58ae7ab9e723c6d@207.180.227.239:30303,c7c684e029e99180,v4,51167,Contabo GmbH,Germany,Nuremberg,207.180.227.239,a103e6b9eb189a9fe6f27ef5094ec7e658f25ac6c1a14a085facfd5c9adec973f9d0,30303,30303,,,,,
 115a72c08d4456144bd69ff6be3e8b089261084e6207141748f65180de9da83c,enode://adcd117489cb897ec987693b7d64cbba964645cf4e4f61cc52c60a9f90017fcca72b338fa634049686d6b62aee3743332424cdf1030e034fd50232f13c815e11@51.210.114.127:40404,c7c684e029e99180,v4,16276,OVH SAS,France,,51.210.114.127,a103adcd117489cb897ec987693b7d64cbba964645cf4e4f61cc52c60a9f90017fcc,40404,40404,,,,,
 117137a94ed5c3c8ebd75bad2c2f3c3885b1d8e7c20e6463663275a535ec64a4,enode://d7c7874f10c95fb6d4241d1bb12072b0462fbdb208017135c77f92691bdc0baec56b793197485029002a1cff5292f70f02bfee3cf1774bd333e528dc3012bb14@209.50.50.107:30303,c7c6842780657680,v4,25697,UPCLOUDUSA,United States,Phoenix,209.50.50.107,a102d7c7874f10c95fb6d4241d1bb12072b0462fbdb208017135c77f92691bdc0bae,30303,30303,,,,,
 117db56e69586dce9cc44361af222e5cbfe346aa0d6045b78ff479c5e2303964,enode://7159468288f1a81c6ae89354b871b5ba8197919f44cad530fc1fa36608d7293cecfe3798eeefb1e6f06d843b8f9da66897a2579c7158193cc702482f6dee9caa@18.159.226.230:30301,cac9849007bfcc83b28720,v4,16509,AMAZON-02,Germany,Frankfurt am Main,18.159.226.230,a1027159468288f1a81c6ae89354b871b5ba8197919f44cad530fc1fa36608d7293c,30301,30301,,,,,
 117e91cc06ed5bf6a4c4cd44b6aee6419d064503676da35001f46f3e0191449f,enode://205c1954121c91c276201d4645c6e2de930bf72fab7e1e6594892d7ae181fca2b7d8a5f04a9edb0e944cb3278dc0b9a37d829e5ea4f598961fc3fbb033c6b786@116.202.231.71:30303,c7c684e029e99180,v4,24940,Hetzner Online GmbH,Germany,,116.202.231.71,a102205c1954121c91c276201d4645c6e2de930bf72fab7e1e6594892d7ae181fca2,30303,30303,,,,,
 194b1d60068809bd58d441a3f70552590c7e1dab35006c45a69d8dabe316e7f0,enode://96b3cf7fa8dccf770b6b06f6f61a5f4066849493ff082c6f275970b7495a7bee96142f55efcc7488fe26aed3f24199089453b422c3dbf9e1d213ab46d8b280a1@3.128.228.146:30303,c7c684c25efa5c80,v4,16509,AMAZON-02,United States,Columbus,3.128.228.146,a10396b3cf7fa8dccf770b6b06f6f61a5f4066849493ff082c6f275970b7495a7bee,30303,30303,,,,,
 1954583cae158790cc6a0660ee9131698dde617af0355d4a266f4953ea8ebfd5,enode://3dc119b3e6e86a35eeb81ad2bfd7ca0bbaf62bd784c19cf5a50a20fc65a367579fe95d224e1bc86b1f8af4b03375a64eb0c08d5a53c394a4167c3ceede36007f@3.210.35.97:20638,c7c68474389cd480,v4,14618,AMAZON-AES,United States,,3.210.35.97,a1033dc119b3e6e86a35eeb81ad2bfd7ca0bbaf62bd784c19cf5a50a20fc65a36757,20638,20638,c0,,,,
 19630b012d256de18d4d52ff1c485aec6a6edec7f86910e5722d0411f7b00508,enode://19841e41a8e648eb64126edfd7f234b34578f0d041eb42a32b275b34c6c09934069ead59a7e1ab2b9ce000486566000232a87c3f09f37074a3e0bcc5e30ec417@95.217.203.43:30303,,v4,24940,Hetzner Online GmbH,Finland,Helsinki,95.217.203.43,a10319841e41a8e648eb64126edfd7f234b34578f0d041eb42a32b275b34c6c09934,30303,30303,,,,,
 1965627cbce8451dbcd2750658f6a0f61bd3ec94bf0799dd53c1457282929012,enode://dfac17074ed41650312e50e47ce1b593139a19a2321cd20f8a6556f298af19ab4af81bf1a5212c2b35e99844bdb2842d3f17d0788ed5257805bc530dbd9b0d7c@185.8.166.157:30305,c7c684e615830180,v4,24971,Master Internet s.r.o.,Czechia,,185.8.166.157,a102dfac17074ed41650312e50e47ce1b593139a19a2321cd20f8a6556f298af19ab,30305,30305,,,,,
 1999cb5d0e7e73075326b0f7fd7bda83228d7f54987185dc14a6c471518cff0c,enode://51deb114865e61f182a3a830ed5679c8794c84978f7af1034ceedcdb9720f64d76570cd14950edc9aacbd8462acc2d5804fb98e2fbd7f6d3add8e77ea9f43609@54.233.237.165:20638,c7c6840b2c787680,v4,16509,AMAZON-02,Brazil,SÃ£o Paulo,54.233.237.165,a10351deb114865e61f182a3a830ed5679c8794c84978f7af1034ceedcdb9720f64d,20638,20638,,,,,
 19c646be479bf592530d2c72f644327aafa0ad4b4c50b7c396dd5111216bbd71,enode://d947d48c44717de05fcf8323aed42523776d091a3a964c64e269e7b355d65eb69731f257aed220ad4504606d2fd546efe6217a70d710e1a8433e75a39cfb5556@95.111.253.100:30303,c7c684c25efa5c80,v4,51167,Contabo GmbH,Germany,Nuremberg,95.111.253.100,a102d947d48c44717de05fcf8323aed42523776d091a3a964c64e269e7b355d65eb6,30303,30303,,,,,
 19d25fe4ad1c51cd33501696e5718730f8aa8899bdf493ce18ca1fe5b9ccbf97,enode://4c1a95cb65fa374cf1ca1c92d67245763917cb47d599304d866e7dfb2d126e08a7ebca3dee10578f3a4fa7af70eec2a3fd6ad7b316df111760f308aa57f71b08@142.93.241.77:30303,c7c6846727ef9080,v4,14061,DIGITALOCEAN-ASN,United States,North Bergen,142.93.241.77,a1024c1a95cb65fa374cf1ca1c92d67245763917cb47d599304d866e7dfb2d126e08,30303,30303,,,,,
 19ecf5d0146f86f8f73abc07091771df781e699f9cd04cef3eaa1907f71b679c,enode://2b09f4c5d7817a9eaa63f7bb4fde5517133df3c65fdb848ce5c7c789407df714d4553a9c652bca01d917bd63bc064bb5e261b116c416714a218dcde42093c89b@167.99.162.43:30305,c7c684e615830180,v4,14061,DIGITALOCEAN-ASN,United States,Santa Clara,167.99.162.43,a1032b09f4c5d7817a9eaa63f7bb4fde5517133df3c65fdb848ce5c7c789407df714,30305,30305,,,,,
 19ef57e38f31ceb36838e6db1c96c67ba77c23c5b6fc2438187a90f573b315a5,enode://f3cfe935d18a580f95ebb2c509ae3a4cdd9c8a970f154b8bf358ff425e389f30a17a767840f6adf52212c5ad1669e6afe8fcc0b846ac71be183f074a25c3b637@161.97.77.26:30305,c7c684e615830180,v4,51167,Contabo GmbH,Germany,Nuremberg,161.97.77.26,a103f3cfe935d18a580f95ebb2c509ae3a4cdd9c8a970f154b8bf358ff425e389f30,30305,30305,,,,,
 19f72d8917f9e7791dbffcc29a911c96f3962bf9891ea1241ca82d95db68ed3f,enode://a8c706430171a12fd972fe635061b7442845a5aae4d7d50c7b42dde9db9e9678a5db81e38b20ae30e49ee10718be97ff885d3451303b00cc8dd5f91c2c493ab5@188.225.80.109:30303,,v4,9123,TimeWeb Ltd.,Russia,,188.225.80.109,a103a8c706430171a12fd972fe635061b7442845a5aae4d7d50c7b42dde9db9e9678,30303,30303,,,,,
 1e1ea8b3d566d2761116249948551cae0e4b169d04ba8323807f74c05bfd5fbc,enode://8499da03c47d637b20eee24eec3c356c9a2e6148d6fe25ca195c7949ab8ec2c03e3556126b0d7ed644675e78c4318b08691b7b57de10e5f0d40d05b09238fa0a@52.187.207.27:30303,c7c684e029e99180,v4,8075,MICROSOFT-CORP-MSN-AS-BLOCK,United States,,52.187.207.27,a1028499da03c47d637b20eee24eec3c356c9a2e6148d6fe25ca195c7949ab8ec2c0,30303,30303,c0,,,,
 208fcb51e67d5f5455731c361618e6b4d52d5b5aa2ff6f677be49a9b6b976d50,enode://e1155c7f426176250de94eae125770645639f9dd215d3aa7808c66da163f1d73cc0a5a802c60e7a478cac6cf40a5b0e3988fe7142d005416ca1caa939642eb20@35.222.188.205:30303,c7c684e029e99180,v4,15169,GOOGLE,United States,Council Bluffs,35.222.188.205,a102e1155c7f426176250de94eae125770645639f9dd215d3aa7808c66da163f1d73,30303,30303,,,,,
 20da7edc6fd807b4c1f8a0a19ee8aeb033b2b74159b61f3b2f3b111650ed734c,enode://3705fcc6241afa9bd4eab1cf30d0c11a6a5cbda811dbdd90f2140eec7da52b04e534bb48a514cef40936193a3151645e66eaf2b11efad7eca6937d3b3fe95d29@46.4.74.22:30303,c7c684e029e99180,v4,24940,Hetzner Online GmbH,Germany,,46.4.74.22,a1033705fcc6241afa9bd4eab1cf30d0c11a6a5cbda811dbdd90f2140eec7da52b04,30303,30303,,,,,
 212f68014fd753ae45e119890097902ba8619a57d7a27b26b3bfd9e284e2fdcb,enode://f5a094e7a1f1bf6645ecd4426f6bf3a63495b7664f6bab8f10db4998691c0a0ad6fb324dea7ac5e50f74cedad956560f50d9bb70a0831d65f96a7b198504f3e4@3.15.200.203:30303,c7c684e029e99180,v4,16509,AMAZON-02,United States,Columbus,3.15.200.203,a102f5a094e7a1f1bf6645ecd4426f6bf3a63495b7664f6bab8f10db4998691c0a0a,30303,30303,,,,,
 229c8baf18332827a705f838e3f9febb2854b652e24ffcbaf3374a1077755e48,enode://01210d933da7b34e71db8b62d8d1e265354306c61ce6c68778c743fe03676a031e3b9ac9bb4421c2cf9410ff9e7f0bf90f6019ce0035181a644d4fa7ec86e062@51.75.131.18:30303,c7c684c25efa5c80,v4,16276,OVH SAS,France,,51.75.131.18,a10201210d933da7b34e71db8b62d8d1e265354306c61ce6c68778c743fe03676a03,30303,30303,,,,,
 22f2e4a890e5ab4bd7f61291ab00098357c722355303dfa38943c68a09400159,enode://435e3a2e95a5944ec36206b1d70621d9ecd1a01cfe6399867b390c1a0fc9de00e770af12410c65ebcc0fa9fb969cd9dc550149f0f646d3f6917521c6cc7f653b@167.86.81.73:30303,c7c684e029e99180,v4,51167,Contabo GmbH,Germany,Nuremberg,167.86.81.73,a103435e3a2e95a5944ec36206b1d70621d9ecd1a01cfe6399867b390c1a0fc9de00,30303,30303,,,,,
 241b0b8c449c3c266141fe0997ff2c582e4bc4922e55a5506c62817e4009f23c,enode://298214efaadf6a769aec8669107f24793e145a32d575617bfd84c349f6e8b809a370c666062a4d383cc1e242669ff89a7ea5b73167b1b86e4c02a74831882405@195.201.144.176:30307,c7c68455c25b7a80,v4,24940,Hetzner Online GmbH,Germany,,195.201.144.176,a103298214efaadf6a769aec8669107f24793e145a32d575617bfd84c349f6e8b809,30307,30307,,,,,
 244d85e4fa1006ef51f8a10d8c6b799afadd2b4dc473cc24e5219375059677f7,enode://ed76b1d9a531536b074ecb9444a0966662633327f6b9274391da4130e4b4fc6370b5361e7d233b2e489913d02edce7aeba98b608af115d826b13011495327821@82.145.220.247:30306,c7c6846727ef9080,v4,39832,Opera Software AS,Germany,,82.145.220.247,a103ed76b1d9a531536b074ecb9444a0966662633327f6b9274391da4130e4b4fc63,30306,30306,,,,,
 2480cca4c5be076742018eeff562a9a071ed2d0609cd5b0dbb660f663553eec6,enode://071acc9cef9856f949c3f3b775dd550a68c68ab3b67c725d7803fce719c516cd1172e6eaf09aab951251d0817eaa071d52c84d47b41f626469cd66e199e839ea@84.17.54.74:30303,cac9849007bfcc83b28720,v4,60068,Datacamp Limited,Poland,Warsaw,84.17.54.74,a102071acc9cef9856f949c3f3b775dd550a68c68ab3b67c725d7803fce719c516cd,30303,30303,,,,,
 248ca8ed8b8176a915d2f6389324226f95b7f01bc92fdacbfd91584895a448b3,enode://1fc9d4edf7d3a92b8d446fc0a51b73be55c4d05b5e1e35a47ad517bd47b69dc15541b00f582fe1d95226e7836c65ad3a67326487f10e036cafd981a187ec0fac@62.171.181.141:30303,c7c684e029e99180,v4,51167,Contabo GmbH,Germany,Nuremberg,62.171.181.141,a1021fc9d4edf7d3a92b8d446fc0a51b73be55c4d05b5e1e35a47ad517bd47b69dc1,30303,30303,,,,,
 24a805803bdb1c4bf03bd21c77309ead06359010c3593000004b09b6e667f71d,enode://3a3b991e5b2c4dcac519768d0e92cdbadf1c259786e44f611dde9dcda788c00df9c7cb13baf538df428066c531dd9406f8c0e98626079ec785d45421fee9f24d@82.221.128.76:30303,c7c684e029e99180,v4,50613,Advania Island ehf,Iceland,,82.221.128.76,a1033a3b991e5b2c4dcac519768d0e92cdbadf1c259786e44f611dde9dcda788c00d,30303,30303,,,,,
 24af6fff0f8747f8f79d243eb7cf38e07a08d3e28b477c7798975a564c992b80,enode://9ebc9e91f65d43240d875a2e94ffb0848f4cee6325b9062b745abd0d68f2beab08dc23f74807b1f0e5cb1f6c8f53efcd1625f548ca26d4b164fe38c74b0542fd@31.42.184.10:30304,c7c684e029e99180,v4,30860,Virtual Systems LLC,Ukraine,,31.42.184.10,a1039ebc9e91f65d43240d875a2e94ffb0848f4cee6325b9062b745abd0d68f2beab,30304,30304,,,,,
 255068f88dabf8db732fe2548f7965df3c6b112656cca897ebeaa0cf0cf95874,enode://63f3b929acd34ab6024c633409e993e52bbf565552cd0f294723201a6e7899dc6136b67b4e201d2e6bfaf8c1db2fc1f6aad8b62943ba7fa05e7443fe86bb9741@62.171.161.248:30303,c7c684e029e99180,v4,51167,Contabo GmbH,Germany,Nuremberg,62.171.161.248,a10363f3b929acd34ab6024c633409e993e52bbf565552cd0f294723201a6e7899dc,30303,30303,,,,,
 2560901d9a9d1ed3f15b077be605419da496b62a8fd43a9fed0f3ec7c5d178d2,enode://344dae667230baefdf05cbda81cec749425610c8f3683110c71621f7ef776829e0eee66ad266412e197cd29016fd4085f5bcf31d119f24507cf2418627832afc@80.209.234.143:30303,c7c684c25efa5c80,v4,62282,UAB Rakrejus,Republic of Lithuania,,80.209.234.143,a102344dae667230baefdf05cbda81cec749425610c8f3683110c71621f7ef776829,30303,30303,,,,,
 256f53b78f79dada77c755d83e585da8e8cf5b9b9d66a40d3be506cc5e9aeb11,enode://cc57635d67486bac04e7c5b85e294fed60d600fecc007014af07a3d571f99d63d1dcc99c52c3e3d71f6cb4fd8b219f0eecf31fcf853ef0459ca45832e817f4c5@34.229.27.111:20638,cac984bce50a9f8302cf2e,v4,14618,AMAZON-AES,United States,,34.229.27.111,a103cc57635d67486bac04e7c5b85e294fed60d600fecc007014af07a3d571f99d63,20638,20638,,,,,
 25aa52dcb0d4fd9b85650de7824925464cd2986d16a29afce24ac361ae9b3a65,enode://7e7bf99fc21d63a2178644d3beac4245f7b357360d7d6b3787000756a92fb30c3b57acedf0d07efc16bc65a21213bdc6015254ea233602a736eea8db59473e0b@51.159.1.144:30303,c7c684e029e99180,v4,12876,Online S.a.s.,France,Paris,51.159.1.144,a1037e7bf99fc21d63a2178644d3beac4245f7b357360d7d6b3787000756a92fb30c,30303,30303,,,,,
 261b569e2d01f2217968108fd8e7524509bc517ac9048c97f34a81f940c41fd4,enode://46c350837823f8dc06296f182f0d09505f3e3b54648e996a99bc0c23ef0dc2aeb28f656ad70f1b722b6f8f844bc4d53f1ee565cf928232b09f35a768b4413b77@34.74.53.215:30303,c7c6846727ef9080,v4,15169,GOOGLE,United States,North Charleston,34.74.53.215,a10346c350837823f8dc06296f182f0d09505f3e3b54648e996a99bc0c23ef0dc2ae,30303,30303,,,,,
 261c60a2994c11da04c02be5d546f762cdf3bd9baeab8e93e42dec745ffb9651,enode://6642364b2cb448b1c3986c3008a2bc2e6cf36e698b4560db6023333f57f6f76149ac1c51c4a1d4d9184ec50358f3bc808e53eac0006b66a17184429dc60f2f04@5.189.144.159:30303,c7c684c25efa5c80,v4,51167,Contabo GmbH,Germany,Nuremberg,5.189.144.159,a1026642364b2cb448b1c3986c3008a2bc2e6cf36e698b4560db6023333f57f6f761,30303,30303,,,,,
 262b3f1a573f898fff638e25ba811bbb642555fca19bdf63fd7d6cdf7108bd5c,enode://56b6e6ff753c9357338fd9555f483aa9181953410e1f5208f78cf26834cd1cff2fe2031d416c8c2f71ef2dcdcfccfe3dc0943702d687cd99b0b20e4a345af92a@54.37.233.77:50505,c7c684e615830180,v4,16276,OVH SAS,France,,54.37.233.77,a10256b6e6ff753c9357338fd9555f483aa9181953410e1f5208f78cf26834cd1cff,50505,50505,,,,,
 265b731e78bc4db1d1d08c9f2661934eb4c051383040eef65092b1dd13970856,enode://a0552eb9cd7fa38c777d2333cc7e32cb3a8a4d7beb3699bcbd963f9ce320ee029ab8099af6b748441a9dfbceef6a3787c8bfd924138e6dd6085faee60963abfa@95.179.194.145:30303,c7c68457a4fd6f80,v4,20473,AS-CHOOPA,United Kingdom,London,95.179.194.145,a102a0552eb9cd7fa38c777d2333cc7e32cb3a8a4d7beb3699bcbd963f9ce320ee02,30303,30303,,,,,
 266f81e52c346db8109b9fba371ab2330e7c9c659440c26f04c77e9cc1e5cc88,enode://e93bb80fef1217d1c6c920c339ba36997e881ac53dad2eee0f1faf762f9fe5fc305a7051a0a4afb95a436aa8b837e12b804ad9d6dde8cc41fe3e750b8d6be8e1@51.195.63.175:30305,cfce84a4ecb4b6887fffffffffffffff,v4,16276,OVH SAS,United Kingdom,London,51.195.63.175,a103e93bb80fef1217d1c6c920c339ba36997e881ac53dad2eee0f1faf762f9fe5fc,30305,30305,,,,,
 269c07079996c56aa3a7e6abaefb13f6e67d584ae36e852294736d50d1d072e0,enode://9b30304526b9fe1f2f83ed46d9c5f7bf1d274422e652ae74115e4028bfa793d64fb9d8846fb5e893bdd9467e5a4f1dea14c1d860b1b92d189aff71d4aaa082b5@145.255.26.169:30303,c7c6846727ef9080,v4,24955,OJSC Ufanet,Russia,Ufa,145.255.26.169,a1039b30304526b9fe1f2f83ed46d9c5f7bf1d274422e652ae74115e4028bfa793d6,30303,30303,,,,,
 26fcd2bee8b3dec12bf4941a362f0b5420a06b9d3755a4d642f8d6077204dd3e,enode://fb5e8fe05eb90a2c168c433649156ebf0ec72a552382dc1deb62564fd0d4474bd80f133e27dfcd2782207edb6da23361ec4edc9bb8fad14333b8ba03a8e4c8d0@94.130.9.243:30303,c7c684e029e99180,v4,24940,Hetzner Online GmbH,Germany,,94.130.9.243,a102fb5e8fe05eb90a2c168c433649156ebf0ec72a552382dc1deb62564fd0d4474b,30303,30303,,,,,
 271a5e36491978bb5ee2dbe0af89135b1d54304cc730051b48bef0a1e6d1daf3,enode://bccbff34793d45f225c05bbe590d50af75c4e4b20858592b246e254adf20c0a98b60d74281dc4513fac2696925a5d420cf6c93aa250b86924516a0d57873aeb2@178.235.198.132:30303,c7c684e029e99180,v4,29314,Vectra S.A.,Poland,Warsaw,178.235.198.132,a102bccbff34793d45f225c05bbe590d50af75c4e4b20858592b246e254adf20c0a9,30303,30303,,,,,
 271ef6688df18de9231d00fe99a2eafc617bfc2fddb57c1740057d5161b4fa2b,enode://88561c1ab5f107c356c77a6e4a6c76c04fdb9636da997b8857ff80a94f823e95be2b3f942389d948fb94818ad107da8d2062327d2e86b7d0c1a0c78a8e29e0ad@211.75.159.144:30311,c7c68465db3b6f80,v4,3462,Data Communication Business Group,Taiwan,New Taipei,211.75.159.144,a10388561c1ab5f107c356c77a6e4a6c76c04fdb9636da997b8857ff80a94f823e95,30311,30311,,,,,
 271f24c936d45f01c550a67516627214dfc3a0955052d78aaab4817761116bfc,enode://49718597407b3665eb5ecf939add25829588eba64413cd08f997ac7ee391b84df064abd1c79e7d308b1de5c278db64e74b2d71b9feebf375ff50ccff53818bef@95.216.96.25:38336,c7c684e029e99180,v4,24940,Hetzner Online GmbH,Finland,Helsinki,95.216.96.25,a10349718597407b3665eb5ecf939add25829588eba64413cd08f997ac7ee391b84d,38336,38336,,,,,
 272ace5f1f04bc2ea5a7f6361694ef60284dd8e369e5b47dc630ded2cb814b10,enode://caf58b569b1a94635d257e874ff37e59a891d9fb75cf4fedd350ade6d08acc229d6877133349772367dea457092a484b3b1b97b97120d0dc7c97c1a7bb166438@40.118.126.71:30503,c7c6842b24bc6680,v4,8075,MICROSOFT-CORP-MSN-AS-BLOCK,Netherlands,Amsterdam,40.118.126.71,a102caf58b569b1a94635d257e874ff37e59a891d9fb75cf4fedd350ade6d08acc22,30503,30503,c0,,,,
 272bd1ab6eafc37f48e0ea4be36c753e2162c90021e9f438c0cb5a64a9d14278,enode://014cb5e68638e21a584982215d01a869c80644d20696967ebef8d7ccae62e3c55d0ca39a9d051c0e52ce9695fc28b307e719d809ddb6da1eeb261889b9db3bb7@167.86.74.44:30303,c7c684242bee9e80,v4,51167,Contabo GmbH,Germany,Nuremberg,167.86.74.44,a103014cb5e68638e21a584982215d01a869c80644d20696967ebef8d7ccae62e3c5,30303,30303,,,,,
 2755503ce51b324b47ab67e3d0ba35bc0a24281a7bbc1be03046962f115cb977,enode://90263113f4ff16736fce156a89aa49456169c6369de0aea91bed71e1c9ff5bae7a5827edf1b3b01e30b026fc1099b283fef78ba436cd53bafb5d949ed1a001fc@144.91.120.97:30305,c7c684e615830180,v4,51167,Contabo GmbH,Germany,Nuremberg,144.91.120.97,a10290263113f4ff16736fce156a89aa49456169c6369de0aea91bed71e1c9ff5bae,30305,30305,,,,,
 276b2320bdeb7ff33fb5226d0bd26cec0bd31de5c1501369a32ef376f451f258,enode://ed1127428d9f19626efb7f58b2342efa9edec9351efd73b9c18342d148a114a1fbfc8bbffeb1b46d9dddd0009c07da2a1a8556e8e227fd6f22806943702ad250@52.79.207.185:30303,c7c684d3fb60c980,v4,16509,AMAZON-02,South Korea,Incheon,52.79.207.185,a102ed1127428d9f19626efb7f58b2342efa9edec9351efd73b9c18342d148a114a1,30303,30303,,,,,
 27cbdcd81c0d1fb66352d9285656e38673c3bbd94cfc4be3f02e3e922b1c5494,enode://6e845383ca793cf0d7bb674f00f845239093a10a4fe24efe025421599975ed1ed5243c9f6b5b0b9dffdeb44f3a2bcf6bbf0b9b0b58774dda118b039ebbbba036@209.126.7.125:30303,cac984fc64ec0483118c30,v4,40021,CONTABO,United States,St Louis,209.126.7.125,a1026e845383ca793cf0d7bb674f00f845239093a10a4fe24efe025421599975ed1e,30303,30303,,,,,
 27f77c7aef00a05b677bc10acb03251b964e5e4d4d0d8c75c5d5c96c0f6ff9c4,enode://8e44cc27092ddc222e92fcc521f42f3269f972124170556078e69abe87580fc9b8aaee2030fe7243783cca478ad9a34bba2d5d2aa8d3dc551a7b5d79b01f8dda@198.27.83.143:30303,c7c684c25efa5c80,v4,16276,OVH SAS,Canada,,198.27.83.143,a1028e44cc27092ddc222e92fcc521f42f3269f972124170556078e69abe87580fc9,30303,30303,,,,,
 2bd9b51806bfb201890a8b5a89b5c5b91977e8741701e7b9b4dcfe487c8478d7,enode://0d7107355da89abb3a1f3b0d48122bdb2b65c24372c7cbc994b18e19421dd93da69929b149bf79ca2886646761c725114a677531e36cdd3a86aefbbd3a09f46b@159.69.85.195:30303,c7c6847c806a7780,v4,24940,Hetzner Online GmbH,Germany,,159.69.85.195,a1030d7107355da89abb3a1f3b0d48122bdb2b65c24372c7cbc994b18e19421dd93d,30303,30303,,,,,
 2d1f1ff2774352477bfbf6ee10868373b074e7cd678270608eccfb2205d0e874,enode://279944d8dcd428dffaa7436f25ca0ca43ae19e7bcf94a8fb7d1641651f92d121e972ac2e8f381414b80cc8e5555811c2ec6e1a99bb009b3f53c4c69923e11bd8@35.158.244.151:30303,c7c684e029e99180,v4,16509,AMAZON-02,Germany,Frankfurt am Main,35.158.244.151,a102279944d8dcd428dffaa7436f25ca0ca43ae19e7bcf94a8fb7d1641651f92d121,30303,30303,c0,,,,
 2e081f80e2ec86be931b0f5d034ba0d426f1a801a26a3cf077405b83832de2e1,enode://b64d9c9c054db6ddaab85ff09deab5920f2cc79804979011da4448c2bb1bdde509e4777e8b49efd356db4e5b8711443047fd58d7176d6d9a4d74edf71aa8a839@173.249.51.177:30304,c7c684e029e99180,v4,51167,Contabo GmbH,Germany,Nuremberg,173.249.51.177,a103b64d9c9c054db6ddaab85ff09deab5920f2cc79804979011da4448c2bb1bdde5,30304,30304,,,,,
 2e6a3ee3dd73a8c3ece5c42a57d7841d3860820fdd5d29064aa3df1b5cd0453d,enode://4e9737849b7fbaeb479ac278ce284e926dbbfe2e623886c30168ecfcf6d4e3447fc0c41497ec7927767bf27b03d18e9a98c1fb7c32f458cfcb2c2209f1148286@185.203.56.37:30303,cac984fc64ec0483118c30,v4,205689,Whatbox Inc.,Canada,Waterloo,185.203.56.37,a1024e9737849b7fbaeb479ac278ce284e926dbbfe2e623886c30168ecfcf6d4e344,30303,30303,,,,,
 2f24225e2c577a92a1290317b1f899a7f6da1948a3b5e93587a61d0b12b177c5,enode://a6e4433f1a30ec2fb0d82cf165269fa32d24e1c1c32f40666cc70830d4087a70d3440cf2e85026fc9b9e2af80fffd872c29f81e74334dfec8e62cb56a51559d3@23.227.163.147:30303,c7c684f702aaa680,v4,29802,HVC-AS,United States,,23.227.163.147,a103a6e4433f1a30ec2fb0d82cf165269fa32d24e1c1c32f40666cc70830d4087a70,30303,30303,,,,,
 2f3388774b6e68efeca345581ddb13327922f97642b94477256bb220f21ac649,enode://86e295c29363e4131324bde609ac25ca01b896444713740543473ec116d224ed0a62480c4879cc554f587509edf4653e1248fe18179ec7a619bcda75433c14ae@54.219.214.25:30303,c7c684c25efa5c80,v4,16509,AMAZON-02,United States,San Jose,54.219.214.25,a10286e295c29363e4131324bde609ac25ca01b896444713740543473ec116d224ed,30303,30303,,,,,
 2f502407fd60ed832504cf85579ca8f1704c10ddfb5bf272caa09ff062656824,enode://897a8a9fca036a912673395695f646676d94d09a78f2697a558e089beca05456896a34ef6c9aaa344f0f81df06f400481ababd6e17070d7936328f8811dadad6@95.232.14.132:30303?discport=61839,c7c684e029e99180,v4,3269,Telecom Italia,Italy,Massa e Cozzile,95.232.14.132,a102897a8a9fca036a912673395695f646676d94d09a78f2697a558e089beca05456,30303,61839,,30303,,,
 2fab2a8979bfeb68b4764e39c481fe439c4515a92fca506662280f9827982e7e,enode://589b92223a03021385d064ac1cb5e430943ab29007b0ffdd68fcad9fc3905650f80b2be5ee5d278f03f4eee6edff386c75c1221acc5cdfc2e96a5383bf96aacb@176.99.5.24:33193,c7c684f3e8bd4180,v4,49352,"Domain names registrar REG.RU, Ltd",Russia,,176.99.5.24,a103589b92223a03021385d064ac1cb5e430943ab29007b0ffdd68fcad9fc3905650,33193,33193,,,,,
 2fc0a4470361ad6d62163c81b934f45293f037041c1bc29125f93577408ac03b,enode://996e38909b0fe18140181795576ce12b9b0457ece2ec3dbbe735a7dedfbcbb7db3089f3ac974b66c74d3494526cfe78dfe0a649a9b203986524385796f12cadd@18.219.18.59:30303,c7c684cbdb883880,v4,16509,AMAZON-02,United States,Columbus,18.219.18.59,a103996e38909b0fe18140181795576ce12b9b0457ece2ec3dbbe735a7dedfbcbb7d,30303,30303,,,,,
 2fc990745b76b9ba101d1b8b5db5676aa01b7e6e175627b0f1e345874d4e7b8e,enode://e6a1e6297bda77501924ff5077ed82b9529193e4b48a59a9403a22e8393fb3437b11c263bd0a5e15c2b3eb40efbfc7c69fdb9667cc58db7d976f730fab78879e@8.210.154.186:30303,cac984fc64ec0483118c30,v4,45102,"Alibaba (US) Technology Co., Ltd.",China,Dongguan,8.210.154.186,a102e6a1e6297bda77501924ff5077ed82b9529193e4b48a59a9403a22e8393fb343,30303,30303,,,,,
 327c8e9c2ff94efca6fb4cbd91b1c4ac71bbe7fcb163de5eb99db22b3e78c54b,enode://c4f8014063a049bb78b1c7a724e35521779aee89617e9ead013a430ee8ab58768e157a996e57429604d0577069df8dee17cb92e86bc5fa0898145a176a10bb63@95.216.14.226:30303,c7c684e029e99180,v4,24940,Hetzner Online GmbH,Finland,Helsinki,95.216.14.226,a103c4f8014063a049bb78b1c7a724e35521779aee89617e9ead013a430ee8ab5876,30303,30303,,,,,
 3776e32455cd65c87f11fab976b45fc2cc2c034a191db8ab1f3371d18db97957,enode://02bc4f3ba4fc4896b8bc88ab1cb55b607847e63d6d84f2c8d74314a4d1e058a9caa1cb01a546156a01e35daa46d0124fa60734c8871e0ea010959a5330d5f9ef@51.38.64.90:30308,c7c684c25efa5c80,v4,16276,OVH SAS,United Kingdom,London,51.38.64.90,a10302bc4f3ba4fc4896b8bc88ab1cb55b607847e63d6d84f2c8d74314a4d1e058a9,30308,30308,,,,,
 37d169fbb3c712bdd875dc98cf5522d4266c7d16dde81e289bab1d740ff201ff,enode://58d5cc48c6fdfebad5c1b8e96fbe1be1110415d9295adcd25d3f1fc36ccc1f4068170c6eef916abf131c2cdfc7e810074d5bb29909e4bb3bd1acac4163d9f6e6@147.135.10.88:40305,cac9849007bfcc83b28720,v4,16276,OVH SAS,United States,Warrenton,147.135.10.88,a10258d5cc48c6fdfebad5c1b8e96fbe1be1110415d9295adcd25d3f1fc36ccc1f40,40305,40305,,,,,
 3aef2f35f8bd3db337f2440cffa70afb344358ce9d42324a53d581e6f62b8d52,enode://ebf845f849528b46b887aecdd0b7ef08d81d18482d0d3c58ebcb65b99da3ea199eab89d7aa3ca896a8f993c1fe4f7b460e29d1a1c38f4ec88660aa706752935a@35.185.171.139:30399,,v4,15169,GOOGLE,Taiwan,New Taipei,35.185.171.139,a102ebf845f849528b46b887aecdd0b7ef08d81d18482d0d3c58ebcb65b99da3ea19,30399,30399,,,dcc583627a7a09c6846869766508c58370737302c88673747265616d08,,
 3fb640b82c36ca164e5eb66e23372ba9e8d056918811dbdfa1d2a6c406fdb672,enode://8616b170393f131cf5d5d43f223264e30855366f3a1cad43c8c0f3800d7c17a42caaffd30cddae0bc2cf0dc2640a82f8f60b8a748783e0dca6f9f21f03c02fe4@148.251.52.67:30303,cac984fc64ec0483118c30,v4,24940,Hetzner Online GmbH,Germany,,148.251.52.67,a1028616b170393f131cf5d5d43f223264e30855366f3a1cad43c8c0f3800d7c17a4,30303,30303,,,,,
 4af65c458eed0858021204fecbf1ee5dd0a5fbf016adaae8889735d752912f83,enode://577cfd120ae65301e00a2e59105bfdb6cefe44cf7aa626f6431f16b90fe09fb8330b91422db4fc1bbec7491a4016def8d4385d6fc87656671732fb966001209f@51.68.119.188:30303,c7c684e029e99180,v4,16276,OVH SAS,France,,51.68.119.188,a103577cfd120ae65301e00a2e59105bfdb6cefe44cf7aa626f6431f16b90fe09fb8,30303,30303,,,,,
 56483dbe3073c57241c3f128a6ca1c4018347cc0afd0ea1db6773c7e2794698b,enode://b6b28890b006743680c52e64e0d16db57f28124885595fa03a562be1d2bf0f3a1da297d56b13da25fb992888fd556d4c1a27b1f39d531bde7de1921c90061cc6@159.89.28.211:30303,c7c684cbdb883880,v4,14061,DIGITALOCEAN-ASN,Germany,Frankfurt am Main,159.89.28.211,a102b6b28890b006743680c52e64e0d16db57f28124885595fa03a562be1d2bf0f3a,30303,30303,c0,,,,
 587d9bd5220707791064a4a5ff82c99d7c099d941780f5c0c6a612714db44219,enode://da5ba8f6afc78a15c39a141931d4098aa91aadbcb52bb73581c2d60203ce5b4a60f14a92b983b7b4d7189227a30642a27e694a62e79e6ae0248b6356f2dddfce@3.237.42.140:30303,c7c684c25efa5c80,v4,14618,AMAZON-AES,United States,Ashburn,3.237.42.140,a102da5ba8f6afc78a15c39a141931d4098aa91aadbcb52bb73581c2d60203ce5b4a,30303,30303,,,,,
 58e1918988b3f5095f197ab99367db4dcd0ee24b256149db2caee8da2750b9df,enode://7f856f2c2fb707535418b10f0fe5deec60d5007ff4d86029047e6061cf087c7c8909213d9166f00dd78c0cd497c6c85d5f39c71cc02e37cf7bd92c473ea5ccf8@45.77.70.196:30303,c7c684e029e99180,v4,20473,AS-CHOOPA,United States,Los Angeles,45.77.70.196,a1027f856f2c2fb707535418b10f0fe5deec60d5007ff4d86029047e6061cf087c7c,30303,30303,,,,,
 592212e2dcef1ae55e2d75ce058225a3cbfc4d5e00c8556d5be48e962ce45d8d,enode://f2e4a66f54bad40a9b921c4a8dc32e7ab4d0ad592b39ab5777bc330cffe39f3cff6852ee24cec4f6c80685795075f3b86e7bbe3362a23bfc22dbb34de308f85b@82.221.128.205:30304,,v4,50613,Advania Island ehf,Iceland,,82.221.128.205,a103f2e4a66f54bad40a9b921c4a8dc32e7ab4d0ad592b39ab5777bc330cffe39f3c,30304,30304,,,,,
 61904c8768209b4c9adcfe0becf770286eb7979f7ab041bacc5356417fbbff42,enode://651b484b652c07c72adebfaaf8bc2bd95b420b16952ef3de76a9c00ef63f07cca02a20bd2363426f9e6fe372cef96a42b0fec3c747d118f79fd5e02f2a4ebd4e@51.158.190.99:45678,c7c68466b5c28680,v4,12876,Online S.a.s.,France,Paris,51.158.190.99,a102651b484b652c07c72adebfaaf8bc2bd95b420b16952ef3de76a9c00ef63f07cc,45678,45678,,,,,
 65ddf4a79c9888c80815e2b03dc507e5833b3eb6bf0048a5cd1be650d43a8e31,enode://e1b679099e43f04c28d76169b3aa60a7c16ef629fada260970639f7bb5454ae59769f5f5d9aed73ce1d7eeb68578f708665a25544b1833a0657d48cf956d5468@18.141.210.77:30303,c7c684cbdb883880,v4,16509,AMAZON-02,Singapore,Singapore,18.141.210.77,a102e1b679099e43f04c28d76169b3aa60a7c16ef629fada260970639f7bb5454ae5,30303,30303,,,,,
 71563f2370599df68c1b4c00aff1a4090d45ce6e2c8efc003a9b3e3f91416968,enode://ca6de62fce278f96aea6ec5a2daadb877e51651247cb96ee310a318def462913b653963c155a0ef6c7d50048bba6e6cea881130857413d9f50a621546b590758@34.255.23.113:30303,c7c684e029e99180,v4,16509,AMAZON-02,Ireland,Dublin,34.255.23.113,a102ca6de62fce278f96aea6ec5a2daadb877e51651247cb96ee310a318def462913,30303,30303,c0,,,,
 791ec3c22b21d89f07ec794d1026a54db406436bcf9a8f121e0c79bcff5fc8c5,enode://5f6a6ae23cb8495b69e498d9428617ae85408dd312f1e2cc933eacf1888f8bb22db701ea7267ee548125d14ce505124916a3c51c63f83109d0000862db8a5068@5.9.154.58:30303,c7c684e029e99180,v4,24940,Hetzner Online GmbH,Germany,,5.9.154.58,a1025f6a6ae23cb8495b69e498d9428617ae85408dd312f1e2cc933eacf1888f8bb2,30303,30303,,,,,
 7956b5ec14b4df1a2a4d8bf1d453dbca9994a62ce341219724ee70a2094f99ff,enode://3ec329880128e1ac0c3812f8b2320da688f111fcf77f68cbc3f9c2680b9a4f6f0725b5b790ea251961a685ef2c7f6ad1821850ce40b9077ca4963f66fcf1f892@18.144.129.69:30303,cac9849007bfcc83b28720,v4,16509,AMAZON-02,United States,San Jose,18.144.129.69,a1023ec329880128e1ac0c3812f8b2320da688f111fcf77f68cbc3f9c2680b9a4f6f,30303,30303,,,,,
 84e07faffaf52840f2f2791c50535b13983b131e0951b23782360076238ad54d,enode://a24ac7c5484ef4ed0c5eb2d36620ba4e4aa13b8c84684e1b4aab0cebea2ae45cb4d375b77eab56516d34bfbd3c1a833fc51296ff084b770b94fb9028c4d25ccf@52.169.42.101:30303,c7c684cbdb883880,v4,8075,MICROSOFT-CORP-MSN-AS-BLOCK,Ireland,Dublin,52.169.42.101,a103a24ac7c5484ef4ed0c5eb2d36620ba4e4aa13b8c84684e1b4aab0cebea2ae45c,30303,30303,c0,,,Geth/v1.9.23-unstable-d9890a6a-20201005/linux-amd64/go1.15.2,[eth/63 eth/64 eth/65 les/2 les/3]
